{
  "xgboost": {
    "train": {
      "mae": 69835.3125,
      "r2": 0.9022955298423767,
      "mape": 10.545536420657617
    },
    "val": {
      "mae": 233987.421875,
      "r2": 0.3541020154953003,
      "mape": 27.646767853355243
    }
  },
  "lightgbm": {
    "train": {
      "mae": 80711.32435104337,
      "r2": 0.8691272433519651,
      "mape": 11.983046260780474
    },
    "val": {
      "mae": 253909.67512324662,
      "r2": 0.2734636486144184,
      "mape": 30.05517879809785
    }
  }
}